"Keyword","Estimated Traffic (us)","SERP Position","Volume (Global)","CPC (Global)","Comp (Global)","Trending %","Apr 2025","May 2025","Jun 2025","Jul 2025","Aug 2025","Sep 2025","Oct 2025","Nov 2025","Dec 2025","Jan 2026","Feb 2026","Mar 2026"
"best contracting llc","38","3","390","$3.88","0.07","-38%","260","480","480","590","590","480","480","390","320","390","260","260"
"general contracting services","6","75","3,600","$2.13","0.03","-39%","1,600","1,600","2,400","6,600","6,600","9,900","6,600","1,900","1,600","2,400","2,900","2,400"
"best pro llc","0","44","210","$0.00","0.05","-44%","0","0","110","320","320","880","170","70","110","140","110","110"
"city contracting services","0","33","110","$3.50","0.07","5%","110","110","140","90","110","90","110","110","70","90","110","110"
"top california contractors","0","44","90","$2.38","0.25","8%","110","110","90","90","90","90","90","70","50","50","70","90"
"us best repairs","0","63","30","$0.00","0.13","-36%","50","70","40","30","20","30","20","30","30","10","20","20"
"a best construction inc","0","81","50","$0.00","0.04","19%","70","50","70","70","50","40","50","70","40","70","50","70"
"good contracting","0","23","170","$1.74","0.04","58%","110","170","170","140","90","110","110","170","170","260","210","260"
"hamilton contracting services","0","30","170","$0.00","0.01","-42%","140","140","70","110","110","110","110","140","1,000","110","110","110"
"envelope waterproofing inc","0","64","0","$0.00","0","","","","","","","","","","","","",""